image_path,label
images\sample_0000.png,Gradient tensor
images\sample_0001.png,sequence batch gradient image vocab
images\sample_0002.png,Complex handwriting
images\sample_0003.png,Paper and Symbol
images\sample_0004.png,Record label
images\sample_0005.png,Allows real
images\sample_0006.png,Sequence scale padding symbol linear
images\sample_0007.png,Value: 1046 samples
images\sample_0008.png,Open source software accelerates scientific discovery
images\sample_0009.png,Gives honest
images\sample_0010.png,Continues to evolve rapidly
images\sample_0011.png,Measured: 5263 epochs
images\sample_0012.png,Artificial Intelligence and Deep Learning
images\sample_0013.png,feature token linear channel encode
images\sample_0014.png,Method Speed Attention Design
images\sample_0015.png,bahdanau sequence attention mechanism
images\sample_0016.png,Filtering removes noise while
images\sample_0017.png,Library and Vector
images\sample_0018.png,Filtering removes noise while keeping
images\sample_0019.png,Total: 266 epochs
images\sample_0020.png,system padding
images\sample_0021.png,Analysis requires robust
images\sample_0022.png,Count: 762 %
images\sample_0023.png,Hardware rate batch stride
images\sample_0024.png,Paper into searchable text
images\sample_0025.png,vector kernel result text number
images\sample_0026.png,Be intuitive responsive and
images\sample_0027.png,report vector padding system
images\sample_0028.png,align hardware
images\sample_0029.png,score loss weight
images\sample_0030.png,Metric library scale process target
images\sample_0031.png,Linear and Tensor
images\sample_0032.png,Software engineers
images\sample_0033.png,Scale spatial training library
images\sample_0034.png,Attention and Pooling
images\sample_0035.png,scale method
images\sample_0036.png,Predict and Filter
images\sample_0037.png,vision transformer pretrained decoder
images\sample_0038.png,Pack my box with five dozen liquor jugs
images\sample_0039.png,Continues to
images\sample_0040.png,Weight Vocab Compute Project Stride
images\sample_0041.png,Total: 1800 epochs
images\sample_0042.png,Recorded: 798 %
images\sample_0043.png,word paper
images\sample_0044.png,Manuscript Rate Channel Loss
images\sample_0045.png,Published date: 11 September 2026
images\sample_0046.png,Temporal Filter Metric
images\sample_0047.png,Keeping edges
images\sample_0048.png,Dynamically focus
images\sample_0049.png,Capture past
images\sample_0050.png,Digital preservation safeguards centuries
images\sample_0051.png,Reasoning underpins
images\sample_0052.png,Design and Platform
images\sample_0053.png,Error Symbol Study
images\sample_0054.png,symbol analysis
images\sample_0055.png,science dataset pooling network learning
images\sample_0056.png,Platform and Report
images\sample_0057.png,Report generated at 11:45:00 UTC
images\sample_0058.png,Channel and Model
images\sample_0059.png,Measured: 6491 pixels
images\sample_0060.png,Latency: 42.5 ms per single page scan
images\sample_0061.png,channel word learning score label
images\sample_0062.png,Character pooling
images\sample_0063.png,Output: 6115 ms
images\sample_0064.png,Target Decode Memory Compute
images\sample_0065.png,"Score: CER 0.042, WER 0.089, FPS 45.2"
images\sample_0066.png,Engine network
images\sample_0067.png,Study temporal
images\sample_0068.png,Count: 7277 pixels
images\sample_0069.png,Prevent models from memorizing data
images\sample_0070.png,Decision making everywhere
images\sample_0071.png,Loss platform weight
images\sample_0072.png,Stride Channel
images\sample_0073.png,activation image gradient
images\sample_0074.png,Neural networks
images\sample_0075.png,Benchmarking on
images\sample_0076.png,Output: 8571 %
images\sample_0077.png,Epoch and Decode
images\sample_0078.png,Recognition transforms paper into
images\sample_0079.png,On key image
images\sample_0080.png,Measured: 4716 items
images\sample_0081.png,Training vector decode
images\sample_0082.png,model method vocab
images\sample_0083.png,Fast inference allows real time text transcription on mobile
images\sample_0084.png,text vector number padding
images\sample_0085.png,Information Science and Engineering
images\sample_0086.png,Hardware stride
images\sample_0087.png,Value: 1866 units
images\sample_0088.png,Activation and Kernel
images\sample_0089.png,Artificial intelligence continues
images\sample_0090.png,Value: 904 samples
images\sample_0091.png,Protocols guarantee reproducible science
images\sample_0092.png,Dynamically focus on key image
images\sample_0093.png,Sequence and Record
images\sample_0094.png,Science Study
images\sample_0095.png,Software engineers design reliable and scalable architectures
images\sample_0096.png,DEEP LEARNING PATTERN RECOGNITION LAB
images\sample_0097.png,Analysis and Text
images\sample_0098.png,Prevents overfitting during
images\sample_0099.png,Analysis requires robust preprocessing
images\sample_0100.png,Careful data preparation prevents
images\sample_0101.png,Feature and Research
images\sample_0102.png,Input and Device
images\sample_0103.png,Department of Information Science Archives
images\sample_0104.png,Platform and Process
images\sample_0105.png,batch predict input layer design
images\sample_0106.png,Training predict report character letter
images\sample_0107.png,Evaluation protocols guarantee
images\sample_0108.png,Subtle character strokes
images\sample_0109.png,gradient epoch network device matrix
images\sample_0110.png,input engine report linear pooling
images\sample_0111.png,Library Output Label Power
images\sample_0112.png,Hierarchical visual
images\sample_0113.png,Convolutional filters extract hierarchical visual features
images\sample_0114.png,Reduces memory footprint without losing
images\sample_0115.png,Align linear
images\sample_0116.png,Across global networks
images\sample_0117.png,Output: 9169 MB
images\sample_0118.png,Techniques prevent models from memorizing data
images\sample_0119.png,Symbol and Decode
images\sample_0120.png,Regressions before release
images\sample_0121.png,Channel and Score
images\sample_0122.png,Channel Engine Process
images\sample_0123.png,Study and Gradient
images\sample_0124.png,Recorded: 6926 pixels
images\sample_0125.png,manuscript target
images\sample_0126.png,Recorded: 6547 items
images\sample_0127.png,Metric and Letter
images\sample_0128.png,Accuracy achieved: 98.75% across test sets
images\sample_0129.png,Complex handwriting
images\sample_0130.png,Learning score
images\sample_0131.png,Regularization techniques prevent models from memorizing data
images\sample_0132.png,Total: 4988 pixels
images\sample_0133.png,Device Latency Text Vocab
images\sample_0134.png,Pooling Memory Loss Method
images\sample_0135.png,System training latency
images\sample_0136.png,Recorded: 5795 %
images\sample_0137.png,Attention platform
images\sample_0138.png,accuracy loss compute paper
images\sample_0139.png,Document Image Machine Translation
images\sample_0140.png,Prevents overfitting during training
images\sample_0141.png,Processing reduces manual data
images\sample_0142.png,network research engine stride rate
images\sample_0143.png,AUTONOMOUS DOCUMENT DIGITIZATION SYSTEM
images\sample_0144.png,Deep Learning Pattern Recognition Lab
images\sample_0145.png,Value: 5575 units
images\sample_0146.png,Value: 3588 epochs
images\sample_0147.png,Speed and Spatial
images\sample_0148.png,Value: 6035 epochs
images\sample_0149.png,Ensures stable
images\sample_0150.png,Project and Memory
images\sample_0151.png,Dozen liquor jugs
images\sample_0152.png,Inference allows real time text transcription on mobile
images\sample_0153.png,GRADIENT DESCENT BACKPROPAGATION OPTIMIZER
images\sample_0154.png,Measured: 1360 ms
images\sample_0155.png,Neural networks recognize complex handwriting
images\sample_0156.png,Value: 7120 pixels
images\sample_0157.png,Symbol feature power
images\sample_0158.png,Score Align Network Input
images\sample_0159.png,report research manuscript
images\sample_0160.png,Recorded: 8827 units
images\sample_0161.png,Output and Accuracy
images\sample_0162.png,Encode and Linear
images\sample_0163.png,Device and Kernel
images\sample_0164.png,predict speed
images\sample_0165.png,Measured: 4247 pixels
images\sample_0166.png,Memory and Sequence
images\sample_0167.png,Target speed
images\sample_0168.png,analysis vector process archive loss
images\sample_0169.png,feature map extraction resnet backbone
images\sample_0170.png,manuscript filter learning character
images\sample_0171.png,Method compute report token
images\sample_0172.png,Value: 5246 items
images\sample_0173.png,Padding and Research
images\sample_0174.png,Word Layer Scale
images\sample_0175.png,Supervised Fine Tuning on Labeled Data
images\sample_0176.png,Method Platform Target
images\sample_0177.png,Image and Weight
images\sample_0178.png,Kernel Platform Dataset Speed Report
images\sample_0179.png,Align digit dataset word
images\sample_0180.png,Word Pooling Epoch Project
images\sample_0181.png,Connectionist Temporal Classification Loss
images\sample_0182.png,Sequence Library Align
images\sample_0183.png,My box with five dozen liquor
images\sample_0184.png,Device Decode Attention Research Library
images\sample_0185.png,Multi Column Layout Analysis Engine
images\sample_0186.png,Units capture past and
images\sample_0187.png,Document analysis requires robust preprocessing
images\sample_0188.png,Digital preservation safeguards centuries of
images\sample_0189.png,Word and Platform
images\sample_0190.png,Predict sample engine
images\sample_0191.png,Without losing
images\sample_0192.png,Recorded: 2077 samples
images\sample_0193.png,Recorded: 2687 units
images\sample_0194.png,Neural networks recognize complex handwriting styles
images\sample_0195.png,Archive speed
images\sample_0196.png,Encode Batch
images\sample_0197.png,Without losing
images\sample_0198.png,Standardized dimensions and contrast
images\sample_0199.png,Digital preservation safeguards centuries of
images\sample_0200.png,Automated document processing
images\sample_0201.png,tensor encode error
images\sample_0202.png,Model research word study
images\sample_0203.png,Underpins modern computational
images\sample_0204.png,Science and Research
images\sample_0205.png,Total: 3640 items
images\sample_0206.png,Device vocab
images\sample_0207.png,target text encode
images\sample_0208.png,Character rate power
images\sample_0209.png,linear vocab spatial
images\sample_0210.png,Kernel Latency
images\sample_0211.png,And shared
images\sample_0212.png,epoch research engine predict design
images\sample_0213.png,Complex handwriting styles
images\sample_0214.png,Value: 2541 %
images\sample_0215.png,High Accuracy Handwritten Text Extraction
images\sample_0216.png,Record and Token
images\sample_0217.png,Output and Number
images\sample_0218.png,Multimodal models understand
images\sample_0219.png,Spatial library token document hardware
images\sample_0220.png,Total: 5888 samples
images\sample_0221.png,Recorded: 8881 samples
images\sample_0222.png,Weight score process error vector
images\sample_0223.png,Dimensions: 640 x 480 pixels at 300 DPI
images\sample_0224.png,Standardized dimensions and contrast
images\sample_0225.png,Vector Linear
images\sample_0226.png,Process and Output
images\sample_0227.png,Edge INT8 Quantization and Optimization
images\sample_0228.png,Value: 8403 MB
images\sample_0229.png,Layer Analysis Align
images\sample_0230.png,Pack my box
images\sample_0231.png,Process millions of images
images\sample_0232.png,Research Manuscript System
images\sample_0233.png,Temporal Layer Report Learning Platform
images\sample_0234.png,Dataset Matrix Latency Temporal
images\sample_0235.png,Value: 8014 epochs
images\sample_0236.png,Speed and Filter
images\sample_0237.png,Fast inference allows real time text
images\sample_0238.png,Digit linear layer library manuscript
images\sample_0239.png,Archive design activation error
images\sample_0240.png,Mathematical reasoning underpins modern computational
images\sample_0241.png,Scale Training Kernel Decode
images\sample_0242.png,On old
images\sample_0243.png,Preprocessed images have
images\sample_0244.png,metric gradient linear engine epoch
images\sample_0245.png,How vexingly quick
images\sample_0246.png,report score rate input
images\sample_0247.png,predict sample label analysis
images\sample_0248.png,Shared across global networks
images\sample_0249.png,Count: 9636 %
images\sample_0250.png,Recorded: 9166 epochs
images\sample_0251.png,Letter filter compute
images\sample_0252.png,Modern computational algorithms
images\sample_0253.png,Complex handwriting
images\sample_0254.png,EFFICIENT TEXT RECOGNITION SYSTEM
images\sample_0255.png,Output: 9395 %
images\sample_0256.png,Vision pipelines
images\sample_0257.png,Digital preservation safeguards centuries
images\sample_0258.png,Continuous integration catches regressions before release
images\sample_0259.png,Reveals faint ink traces on old
images\sample_0260.png,Standardized evaluation protocols guarantee reproducible science
images\sample_0261.png,Fast inference allows real time text transcription on
images\sample_0262.png,latency target model compute report
images\sample_0263.png,Fast Greedy and Prefix Beam Search Decode
images\sample_0264.png,attention padding tensor speed matrix
images\sample_0265.png,Encode Padding
images\sample_0266.png,Measured: 5870 pixels
images\sample_0267.png,Filter Sample Symbol
images\sample_0268.png,Resolution Degradation and Ink Bleed Repair
images\sample_0269.png,Batch and Vocab
images\sample_0270.png,Training and Letter
images\sample_0271.png,Epoch and Score
images\sample_0272.png,speed scale report accuracy output
images\sample_0273.png,Linear and Speed
images\sample_0274.png,Input output
images\sample_0275.png,Recorded: 4103 pixels
images\sample_0276.png,Processing transforms raw sensor signals into insights
images\sample_0277.png,Batch and Dataset
images\sample_0278.png,Epoch character batch result
images\sample_0279.png,Invoice #INV-2026-0814 total: $450.00
images\sample_0280.png,How vexingly quick
images\sample_0281.png,Careful data preparation
images\sample_0282.png,Count: 9026 pixels
images\sample_0283.png,Value: 6766 ms
images\sample_0284.png,Output: 5149 %
images\sample_0285.png,connectionist temporal classification loss
images\sample_0286.png,Vexingly quick daft zebras jump
images\sample_0287.png,Output: 2490 %
images\sample_0288.png,Batch and Record
images\sample_0289.png,Recorded: 4697 items
images\sample_0290.png,character memory sequence
images\sample_0291.png,Allows real time
images\sample_0292.png,User interfaces should be
images\sample_0293.png,autonomous document digitization system
images\sample_0294.png,User interfaces should be
images\sample_0295.png,Analysis and Report
images\sample_0296.png,Symbol design batch
images\sample_0297.png,And scalable
images\sample_0298.png,Total: 8249 %
images\sample_0299.png,temporal report gradient
images\sample_0300.png,Batch and Label
images\sample_0301.png,Device paper
images\sample_0302.png,Should be intuitive responsive and
images\sample_0303.png,input metric digit library
images\sample_0304.png,Memory and Padding
images\sample_0305.png,Word system decode
images\sample_0306.png,Automated document processing reduces manual data entry errors
images\sample_0307.png,Learning Sample Matrix Manuscript Library
images\sample_0308.png,Papers are published and shared across global networks
images\sample_0309.png,Preparation prevents
images\sample_0310.png,Value: 1143 %
images\sample_0311.png,Archive and Hardware
images\sample_0312.png,Deep learning models achieve state
images\sample_0313.png,Error and Process
images\sample_0314.png,scale weight filter manuscript kernel
images\sample_0315.png,Output: 5437 pixels
images\sample_0316.png,Attention sequence metric model
images\sample_0317.png,Paper into searchable text
images\sample_0318.png,Recorded: 8957 epochs
images\sample_0319.png,Automated document processing reduces manual
images\sample_0320.png,Preparation prevents overfitting during training
images\sample_0321.png,Kernel stride engine channel hardware
images\sample_0322.png,Engine Compute Layer Loss
images\sample_0323.png,Digital preservation safeguards centuries of
images\sample_0324.png,Linear Digit
images\sample_0325.png,Digit Score
images\sample_0326.png,Measured: 4816 items
images\sample_0327.png,Platform and Analysis
images\sample_0328.png,Value: 6532 ms
images\sample_0329.png,information science and engineering
images\sample_0330.png,Report and Archive
images\sample_0331.png,Memory footprint without losing accuracy
images\sample_0332.png,Measured: 2246 pixels
images\sample_0333.png,Requires robust
images\sample_0334.png,report feature library
images\sample_0335.png,Optical character recognition transforms paper into
images\sample_0336.png,Vector and Matrix
images\sample_0337.png,target input kernel score
images\sample_0338.png,To evolve rapidly
images\sample_0339.png,Tensor and Feature
images\sample_0340.png,word batch study
images\sample_0341.png,Time text transcription on mobile
images\sample_0342.png,Design reliable and scalable
images\sample_0343.png,Achieve state of the art
images\sample_0344.png,Measured: 6880 epochs
images\sample_0345.png,Manuscript Dataset Science Tensor
images\sample_0346.png,Accuracy text
images\sample_0347.png,To evolve
images\sample_0348.png,Label Token
images\sample_0349.png,Dozen liquor
images\sample_0350.png,kernel vector input matrix
images\sample_0351.png,Linear Label Batch Research
images\sample_0352.png,"Coordinates: 40.7128 N, 74.0060 W"
images\sample_0353.png,padding spatial analysis design
images\sample_0354.png,Metric and Spatial
images\sample_0355.png,Robust preprocessing
images\sample_0356.png,Century Old Heritage Print Preservation
images\sample_0357.png,Science and System
images\sample_0358.png,Value: 8608 epochs
images\sample_0359.png,Decode Text Output Stride
images\sample_0360.png,Total: 1656 units
images\sample_0361.png,Process compute digit
images\sample_0362.png,Multimodal models understand
images\sample_0363.png,Transforms paper into searchable text
images\sample_0364.png,archive power document
images\sample_0365.png,spatial number letter
images\sample_0366.png,Count: 52 samples
images\sample_0367.png,Attention mechanisms dynamically
images\sample_0368.png,Library Compute Power Result
images\sample_0369.png,Compute target error loss
images\sample_0370.png,Vocab and Design
images\sample_0371.png,Project and Platform
images\sample_0372.png,ADAPTIVE HISTOGRAM EQUALIZATION FILTERING
images\sample_0373.png,Temporal and Project
images\sample_0374.png,Value: 6020 samples
images\sample_0375.png,Value: 3653 units
images\sample_0376.png,Image processing transforms raw sensor signals into insights
images\sample_0377.png,Contrast enhancement reveals faint ink
images\sample_0378.png,target record
images\sample_0379.png,archive channel encode
images\sample_0380.png,Hierarchical visual
images\sample_0381.png,Value: 7845 %
images\sample_0382.png,Output: 9350 items
images\sample_0383.png,Real time text transcription on
images\sample_0384.png,Filters extract hierarchical visual features
images\sample_0385.png,Matrix Speed
images\sample_0386.png,predict temporal
images\sample_0387.png,Vision Transformer Pretrained Decoder
images\sample_0388.png,Preprocessed images have standardized dimensions and contrast
images\sample_0389.png,system word stride vocab memory
images\sample_0390.png,Document ID: #REC-2026-9041
images\sample_0391.png,Rate letter memory accuracy
images\sample_0392.png,Value: 8199 samples
images\sample_0393.png,Contrast enhancement reveals faint ink traces on old paper
images\sample_0394.png,Value: 4793 items
images\sample_0395.png,Faint ink traces on
images\sample_0396.png,Output: 8164 epochs
images\sample_0397.png,Continues to evolve rapidly
images\sample_0398.png,Underpins modern computational
images\sample_0399.png,From memorizing
images\sample_0400.png,sequence pooling paper attention
images\sample_0401.png,efficient text recognition system
images\sample_0402.png,bidirectional long short term memory
images\sample_0403.png,Score learning
images\sample_0404.png,CONNECTIONIST TEMPORAL CLASSIFICATION LOSS
images\sample_0405.png,Recorded: 6817 units
images\sample_0406.png,Continuous integration catches regressions before release
images\sample_0407.png,Value: 9002 units
images\sample_0408.png,Prevent models from memorizing data
images\sample_0409.png,Design and Error
images\sample_0410.png,Reasoning underpins modern
images\sample_0411.png,Sample library weight
images\sample_0412.png,Inference allows real
images\sample_0413.png,Pack my box with five
images\sample_0414.png,Output: 9847 pixels
images\sample_0415.png,Paper and Input
images\sample_0416.png,Output: 9222 units
images\sample_0417.png,Quick daft zebras jump
images\sample_0418.png,Method Epoch Number
images\sample_0419.png,Ensures stable
images\sample_0420.png,accuracy vocab stride training predict
images\sample_0421.png,Output: 4845 epochs
images\sample_0422.png,Out test sets gives
images\sample_0423.png,Requires robust preprocessing steps
images\sample_0424.png,Bidirectional Long Short Term Memory
images\sample_0425.png,Measured: 9170 items
images\sample_0426.png,Over the lazy
images\sample_0427.png,Total: 6004 MB
images\sample_0428.png,Complex handwriting styles
images\sample_0429.png,Recorded: 6301 units
images\sample_0430.png,Encode and Weight
images\sample_0431.png,Value: 6096 pixels
images\sample_0432.png,BAHDANAU SEQUENCE ATTENTION MECHANISM
images\sample_0433.png,Record sample report image
images\sample_0434.png,Enhancement reveals faint ink traces
images\sample_0435.png,Neural networks recognize complex handwriting
images\sample_0436.png,On held out test sets gives honest metrics
images\sample_0437.png,Value: 807 epochs
images\sample_0438.png,Sequence and Decode
images\sample_0439.png,Statistical methods validate experimental findings rigorously
images\sample_0440.png,encode paper loss system gradient
images\sample_0441.png,matrix loss
images\sample_0442.png,Tensor Accuracy Rate
images\sample_0443.png,Tensor Epoch Platform Design
images\sample_0444.png,Reliable and scalable architectures
images\sample_0445.png,Digit study
images\sample_0446.png,Letter layer hardware sequence speed
images\sample_0447.png,Error rate decreased from 0.802 to 0.035
images\sample_0448.png,Version 2.0 released in March 2026
images\sample_0449.png,Project and Loss
images\sample_0450.png,error label
images\sample_0451.png,Label matrix output rate
images\sample_0452.png,kernel method channel decode token
images\sample_0453.png,tensor layer
images\sample_0454.png,Interfaces should be intuitive
images\sample_0455.png,High resolution scanning preserves subtle character strokes
images\sample_0456.png,compute batch latency input study
images\sample_0457.png,Edge deployment brings
images\sample_0458.png,Reduces memory
images\sample_0459.png,Measured: 2303 epochs
images\sample_0460.png,Dataset Label Library Predict Feature
images\sample_0461.png,Dataset label engine weight
images\sample_0462.png,Symbol and Method
images\sample_0463.png,epoch text word
images\sample_0464.png,system text design loss
images\sample_0465.png,Vocab and Spatial
images\sample_0466.png,Requires robust preprocessing steps
images\sample_0467.png,weight rate temporal layer
images\sample_0468.png,Of black quartz
images\sample_0469.png,Validate experimental findings
images\sample_0470.png,Tensor and Kernel
images\sample_0471.png,Transforms raw
images\sample_0472.png,kernel library decode score
images\sample_0473.png,Tensor Epoch Channel Label Method
images\sample_0474.png,Models understand both visual and textual information
images\sample_0475.png,Processing reduces manual data entry
images\sample_0476.png,Character Error Rate and Word Error Rate
images\sample_0477.png,Measured: 9562 epochs
images\sample_0478.png,Spatial Loss Feature Score
images\sample_0479.png,Total: 4358 epochs
images\sample_0480.png,Reduces memory
images\sample_0481.png,metric rate
images\sample_0482.png,power kernel activation
images\sample_0483.png,Capture past and future
images\sample_0484.png,Sequence accuracy stride library gradient
images\sample_0485.png,Epoch and Analysis
images\sample_0486.png,Library feature activation spatial
images\sample_0487.png,Measured: 3662 units
images\sample_0488.png,Held out test sets gives honest
images\sample_0489.png,Training decode loss research attention
images\sample_0490.png,Process attention dataset sequence batch
images\sample_0491.png,Optical character recognition transforms paper into searchable
images\sample_0492.png,Library and Rate
images\sample_0493.png,Text transcription on
images\sample_0494.png,Output: 6619 ms
images\sample_0495.png,Count: 1262 pixels
images\sample_0496.png,Epoch Document Input Attention Record
images\sample_0497.png,Rate letter vector output accuracy
images\sample_0498.png,Enhancement reveals faint ink traces on old paper
images\sample_0499.png,Decode Process Activation
images\sample_0500.png,weight batch
images\sample_0501.png,Accuracy character temporal engine
images\sample_0502.png,Memory pooling
images\sample_0503.png,Real time
images\sample_0504.png,Achieve state of the art
images\sample_0505.png,Value: 216 pixels
images\sample_0506.png,Symbol gradient
images\sample_0507.png,Speed pooling document hardware
images\sample_0508.png,research digit error
images\sample_0509.png,linear method latency batch activation
images\sample_0510.png,memory letter platform
images\sample_0511.png,Networks recognize complex handwriting styles
images\sample_0512.png,Recorded: 4202 epochs
images\sample_0513.png,Loss Learning
images\sample_0514.png,Quartz judge
images\sample_0515.png,Benchmarking on held out test sets gives honest metrics
images\sample_0516.png,power letter
images\sample_0517.png,method word record accuracy
images\sample_0518.png,research number word
images\sample_0519.png,Epoch Report Archive Network Layer
images\sample_0520.png,Models understand both visual and textual information
images\sample_0521.png,Software accelerates scientific
images\sample_0522.png,Activation and Gradient
images\sample_0523.png,Keeping edges
images\sample_0524.png,Measured: 3984 units
images\sample_0525.png,Total: 6344 items
images\sample_0526.png,Complex handwriting styles
images\sample_0527.png,Gradient Manuscript Science Library
images\sample_0528.png,spatial project filter sequence
images\sample_0529.png,Of black quartz judge my
images\sample_0530.png,Sequence to Sequence Attention Model
images\sample_0531.png,Matrix paper design
images\sample_0532.png,Models understand both visual and
images\sample_0533.png,Value: 6045 items
images\sample_0534.png,Latency digit engine analysis text
images\sample_0535.png,Paper into searchable text
images\sample_0536.png,Measured: 9653 ms
images\sample_0537.png,Count: 474 pixels
images\sample_0538.png,target compute memory
images\sample_0539.png,Symbol and Decode
images\sample_0540.png,Benchmarking on held out
images\sample_0541.png,Memory footprint without
images\sample_0542.png,Label System Engine
images\sample_0543.png,Understand both
images\sample_0544.png,Multi Modal Document Processing Pipeline
images\sample_0545.png,Data entry errors
images\sample_0546.png,Recorded: 7180 %
images\sample_0547.png,Computer vision pipelines
images\sample_0548.png,Document analysis requires robust preprocessing steps
images\sample_0549.png,Sample Training Record Image
images\sample_0550.png,Network method
images\sample_0551.png,Engine token learning analysis
images\sample_0552.png,Software accelerates
images\sample_0553.png,Manuscript Training Result Spatial Predict
images\sample_0554.png,Statistical Data Analysis and Findings
images\sample_0555.png,Encode Archive
images\sample_0556.png,Convolutional Neural Network Architecture
images\sample_0557.png,Source software accelerates scientific
images\sample_0558.png,scale compute pooling research character
images\sample_0559.png,Recorded: 8712 items
images\sample_0560.png,Character and Metric
images\sample_0561.png,Analysis requires
images\sample_0562.png,Library memory sequence pooling label
images\sample_0563.png,Method and Learning
images\sample_0564.png,Epoch Linear Method
images\sample_0565.png,Reliable and
images\sample_0566.png,Training and Target
images\sample_0567.png,Feature letter analysis archive
images\sample_0568.png,Attention mechanisms dynamically focus on key image
images\sample_0569.png,Bidirectional recurrent units capture past
images\sample_0570.png,Output: 1351 units
images\sample_0571.png,Recorded: 4722 samples
images\sample_0572.png,Understand both visual and textual
images\sample_0573.png,Sample System Process
images\sample_0574.png,Image processing
images\sample_0575.png,Predict and Epoch
images\sample_0576.png,Bilateral filtering removes noise while keeping edges sharp
images\sample_0577.png,Pooling temporal
images\sample_0578.png,Align dataset output analysis
images\sample_0579.png,Convolutional filters
images\sample_0580.png,Science predict compute letter symbol
images\sample_0581.png,Learning loss digit number accuracy
images\sample_0582.png,Stride batch compute spatial predict
images\sample_0583.png,Digit sequence target
images\sample_0584.png,Recorded: 4117 samples
images\sample_0585.png,Activation feature stride epoch
images\sample_0586.png,Of the art results
images\sample_0587.png,Study feature
images\sample_0588.png,Deep learning models achieve state of the art results
images\sample_0589.png,Total: 9930 pixels
images\sample_0590.png,Raw sensor signals into insights
images\sample_0591.png,Kernel learning power
images\sample_0592.png,Archive Channel Design Filter Decode
images\sample_0593.png,number attention accuracy word kernel
images\sample_0594.png,Output: 6808 items
images\sample_0595.png,Count: 2136 ms
images\sample_0596.png,"Memory allocation: 128 MB RAM, 15% CPU load"
images\sample_0597.png,Residual Highway Connections in Deep CNNs
images\sample_0598.png,Rate and Predict
images\sample_0599.png,Output: 8291 epochs
images\sample_0600.png,Channel Archive Study
images\sample_0601.png,Analysis requires robust preprocessing steps
images\sample_0602.png,token library platform science
images\sample_0603.png,Document analysis requires robust preprocessing steps
images\sample_0604.png,Speed and Token
images\sample_0605.png,Reasoning underpins
images\sample_0606.png,Latency Platform
images\sample_0607.png,Regularization techniques prevent models from
images\sample_0608.png,Result Align Temporal
images\sample_0609.png,word weight engine filter image
images\sample_0610.png,Channel and Weight
images\sample_0611.png,Traces on
images\sample_0612.png,Prevents overfitting
images\sample_0613.png,Count: 1289 pixels
images\sample_0614.png,Channel Feature Speed Word
images\sample_0615.png,Temporal and Batch
images\sample_0616.png,Maximum Margin Temporal Loss Criterion
images\sample_0617.png,Loss and Linear
images\sample_0618.png,Quantization reduces memory footprint without losing accuracy
images\sample_0619.png,Vocab and Archive
images\sample_0620.png,Error and Project
images\sample_0621.png,Regularization techniques prevent models from memorizing
images\sample_0622.png,Report Pooling
images\sample_0623.png,Recorded: 2735 %
images\sample_0624.png,Measured: 4448 MB
images\sample_0625.png,token sample speed platform
images\sample_0626.png,Design model letter score digit
images\sample_0627.png,SimCLR Contrastive Representation Learning
images\sample_0628.png,Intelligence to low power chips
images\sample_0629.png,Paper and Weight
images\sample_0630.png,Empowers evidence
images\sample_0631.png,Brings machine
images\sample_0632.png,Machine intelligence to low power chips
images\sample_0633.png,padding tensor
images\sample_0634.png,Reliable and scalable
images\sample_0635.png,Engineers design reliable and
images\sample_0636.png,Filter and Temporal
images\sample_0637.png,Layer and Epoch
images\sample_0638.png,Manuscript and Weight
images\sample_0639.png,Total: 8840 %
images\sample_0640.png,Feature Map Extraction ResNet Backbone
images\sample_0641.png,Science character predict output library
images\sample_0642.png,science number speed feature dataset
images\sample_0643.png,Character pooling spatial layer document
images\sample_0644.png,Linear Letter Layer Word
images\sample_0645.png,Autonomous Document Digitization System
images\sample_0646.png,Subtle character
images\sample_0647.png,Reasoning underpins modern computational algorithms
images\sample_0648.png,Bahdanau Sequence Attention Mechanism
images\sample_0649.png,sample model encode document
images\sample_0650.png,image science document
images\sample_0651.png,multi modal document processing pipeline
images\sample_0652.png,Layer and Input
images\sample_0653.png,Mechanisms dynamically focus on key image
images\sample_0654.png,Of black quartz
images\sample_0655.png,Vector Feature Vocab
images\sample_0656.png,Vocab Layer Report
images\sample_0657.png,design weight report align number
images\sample_0658.png,Models achieve
images\sample_0659.png,Careful data preparation prevents overfitting during training
images\sample_0660.png,record activation digit input paper
images\sample_0661.png,Project and Model
images\sample_0662.png,Activation Result
images\sample_0663.png,Matrix Library Network Spatial Analysis
images\sample_0664.png,Data preparation prevents overfitting during training
images\sample_0665.png,Linear Token
images\sample_0666.png,Image and Analysis
images\sample_0667.png,Guarantee reproducible science
images\sample_0668.png,compute feature science system rate
images\sample_0669.png,Align manuscript
images\sample_0670.png,Open source
images\sample_0671.png,Overfitting during
images\sample_0672.png,Filter gradient accuracy speed letter
images\sample_0673.png,matrix manuscript
images\sample_0674.png,Recorded: 6994 pixels
images\sample_0675.png,Gradient image symbol
images\sample_0676.png,Automated document processing reduces
images\sample_0677.png,Hardware decode
images\sample_0678.png,Memory and Report
images\sample_0679.png,Engine and Token
images\sample_0680.png,deep learning pattern recognition lab
images\sample_0681.png,Time elapsed: 14 minutes and 32 seconds
images\sample_0682.png,gradient descent backpropagation optimizer
images\sample_0683.png,System and Metric
images\sample_0684.png,Of the art
images\sample_0685.png,rate decode stride
images\sample_0686.png,Align and Pooling
images\sample_0687.png,Kernel and Stride
images\sample_0688.png,word device loss research sample
images\sample_0689.png,Deployment brings
images\sample_0690.png,Reliable and scalable architectures
images\sample_0691.png,Text transcription
images\sample_0692.png,encode error dataset linear gradient
images\sample_0693.png,Archival Manuscript Digitization Project
images\sample_0694.png,Output: 7365 epochs
images\sample_0695.png,Token label
images\sample_0696.png,Units capture past and future context
images\sample_0697.png,model linear
images\sample_0698.png,Device Image System Temporal
images\sample_0699.png,Vocab and Archive
images\sample_0700.png,Result Platform Process Report
images\sample_0701.png,Speed Batch
images\sample_0702.png,Processing transforms raw sensor signals
images\sample_0703.png,Target and Dataset
images\sample_0704.png,Standard ISO 9001 quality management certified
images\sample_0705.png,Preserves subtle character strokes
images\sample_0706.png,Measured: 1214 pixels
images\sample_0707.png,Data science
images\sample_0708.png,Open source software accelerates scientific discovery
images\sample_0709.png,Matrix and Decode
images\sample_0710.png,Tensor library memory method
images\sample_0711.png,Design Speed Device Error
images\sample_0712.png,Stride Manuscript
images\sample_0713.png,Matrix Linear
images\sample_0714.png,Sequence paper
images\sample_0715.png,Error document number record image
images\sample_0716.png,device scale science
images\sample_0717.png,Understand both visual
images\sample_0718.png,Pack my box
images\sample_0719.png,Millions of images
images\sample_0720.png,Token Temporal Scale Vector Encode
images\sample_0721.png,Label and Power
images\sample_0722.png,Result and Sequence
images\sample_0723.png,Digital preservation safeguards centuries of human knowledge
images\sample_0724.png,Be intuitive
images\sample_0725.png,Text and Sequence
images\sample_0726.png,model activation platform align system
images\sample_0727.png,Output and Text
images\sample_0728.png,Output: 1452 ms
images\sample_0729.png,Device spatial
images\sample_0730.png,Traces on old paper
images\sample_0731.png,Recorded: 8173 units
images\sample_0732.png,Dataset engine model symbol power
images\sample_0733.png,Sphinx of black quartz judge my vow
images\sample_0734.png,Recorded: 1512 epochs
images\sample_0735.png,filter word speed manuscript record
images\sample_0736.png,SIMCLR CONTRASTIVE REPRESENTATION LEARNING
images\sample_0737.png,Count: 8472 items
images\sample_0738.png,NMAMIT Nitte Campus Research Project
images\sample_0739.png,Activation predict vocab channel
images\sample_0740.png,Output memory batch
images\sample_0741.png,padding research
images\sample_0742.png,Latency and Speed
images\sample_0743.png,Archive compute
images\sample_0744.png,Attention mechanisms dynamically focus on key image
images\sample_0745.png,Vocab method number
images\sample_0746.png,Weight Paper
images\sample_0747.png,method manuscript image padding
images\sample_0748.png,Attention archive input speed dataset
images\sample_0749.png,Complex handwriting
images\sample_0750.png,Removes noise while
images\sample_0751.png,How vexingly quick daft zebras jump
images\sample_0752.png,Value: 512 pixels
images\sample_0753.png,Count: 2429 epochs
images\sample_0754.png,To evolve
images\sample_0755.png,Sequence pooling
images\sample_0756.png,Evaluation protocols guarantee reproducible science
images\sample_0757.png,input loss
images\sample_0758.png,Time text transcription on
images\sample_0759.png,Input Attention Archive
images\sample_0760.png,compute image encode result
images\sample_0761.png,Measured: 2546 epochs
images\sample_0762.png,Edge deployment brings machine intelligence to low power chips
images\sample_0763.png,Vector and Linear
images\sample_0764.png,word input archive training spatial
images\sample_0765.png,metric batch
images\sample_0766.png,Count: 2887 pixels
images\sample_0767.png,Output and Memory
images\sample_0768.png,Science target training pooling symbol
images\sample_0769.png,Vision pipelines process millions of
images\sample_0770.png,Data Augmentation and Noise Invariance
images\sample_0771.png,Measured: 825 pixels
images\sample_0772.png,Accuracy and Analysis
images\sample_0773.png,Dimensions and contrast
images\sample_0774.png,Catches regressions before release
images\sample_0775.png,Feature and Study
images\sample_0776.png,Encode Rate Vocab
images\sample_0777.png,Output Record Project Input
images\sample_0778.png,Hardware sample spatial archive kernel
images\sample_0779.png,Recorded: 5014 MB
images\sample_0780.png,linear align
images\sample_0781.png,Traces on old
images\sample_0782.png,compute decode
images\sample_0783.png,Letter and Network
images\sample_0784.png,Recorded: 8326 samples
images\sample_0785.png,Result and Weight
images\sample_0786.png,Pooling Align Research Token
images\sample_0787.png,Layer Device Vocab Rate Speed
images\sample_0788.png,Token error image
images\sample_0789.png,Total: 7282 units
images\sample_0790.png,Batch size 16 with learning rate 0.001
images\sample_0791.png,Output: 3706 %
images\sample_0792.png,Science Sequence Platform
images\sample_0793.png,hardware analysis method number design
images\sample_0794.png,Reasoning underpins modern
images\sample_0795.png,Image Hardware Sequence Sample Library
images\sample_0796.png,Activation platform kernel process epoch
images\sample_0797.png,Scanning preserves
images\sample_0798.png,User interfaces should be intuitive responsive and accessible
images\sample_0799.png,Digit and Document
images\sample_0800.png,Temporal padding encode
images\sample_0801.png,Weight and Attention
images\sample_0802.png,Measured: 4947 pixels
images\sample_0803.png,character record engine error
images\sample_0804.png,target loss padding science linear
images\sample_0805.png,Platform rate library network
images\sample_0806.png,Intuitive responsive and
images\sample_0807.png,Kernel and Metric
images\sample_0808.png,FEATURE MAP EXTRACTION RESNET BACKBONE
images\sample_0809.png,User interfaces
images\sample_0810.png,Word Layer Latency Power Spatial
images\sample_0811.png,Prevent models from
images\sample_0812.png,Guarantee reproducible
images\sample_0813.png,Manual data entry errors
images\sample_0814.png,Power and Batch
images\sample_0815.png,Measured: 4257 ms
images\sample_0816.png,Continues to evolve rapidly
images\sample_0817.png,Daft zebras jump
images\sample_0818.png,Models from
images\sample_0819.png,label kernel epoch
images\sample_0820.png,Vocab and Study
images\sample_0821.png,Reliable and scalable
images\sample_0822.png,Memory footprint
images\sample_0823.png,Sequence device
images\sample_0824.png,Output temporal
images\sample_0825.png,Speed Pooling Matrix Archive Feature
images\sample_0826.png,Statistical methods
images\sample_0827.png,MULTI MODAL DOCUMENT PROCESSING PIPELINE
images\sample_0828.png,Activation Letter
images\sample_0829.png,Recognition transforms paper into searchable
images\sample_0830.png,Intelligence continues
images\sample_0831.png,Data science empowers evidence based decision making everywhere
images\sample_0832.png,Vector and Method
images\sample_0833.png,Platform and Stride
images\sample_0834.png,Temporal input system score vocab
images\sample_0835.png,Low power
images\sample_0836.png,Study Method Weight
images\sample_0837.png,tensor archive
images\sample_0838.png,Result report manuscript label attention
images\sample_0839.png,Measured: 760 epochs
images\sample_0840.png,Count: 6616 items
images\sample_0841.png,Weight and Library
images\sample_0842.png,Batch and Sample
images\sample_0843.png,Measured: 5182 %
images\sample_0844.png,Align token report
images\sample_0845.png,Process Channel Symbol
images\sample_0846.png,Feature and Word
images\sample_0847.png,Tensor Hardware Input Vocab
images\sample_0848.png,Across global
images\sample_0849.png,Latency design weight
images\sample_0850.png,Scale tensor
images\sample_0851.png,attention text label project feature
images\sample_0852.png,Number sequence channel matrix
images\sample_0853.png,Measured: 2625 %
images\sample_0854.png,Output: 8508 epochs
images\sample_0855.png,manuscript training number
images\sample_0856.png,Count: 2502 units
images\sample_0857.png,Hardware and Science
images\sample_0858.png,Value: 9429 MB
images\sample_0859.png,Align and Align
images\sample_0860.png,Output: 8847 samples
images\sample_0861.png,Matrix digit analysis target
images\sample_0862.png,Faint ink traces on
images\sample_0863.png,result science vector
images\sample_0864.png,Target Pooling Stride
images\sample_0865.png,archive image error system
images\sample_0866.png,Analysis requires
images\sample_0867.png,record gradient report predict padding
images\sample_0868.png,Padding attention result
images\sample_0869.png,analysis library linear kernel latency
images\sample_0870.png,research label
images\sample_0871.png,Recorded: 771 pixels
images\sample_0872.png,Phone contact: +1 (800) 555-0199
images\sample_0873.png,Rate matrix word error padding
images\sample_0874.png,project predict output
images\sample_0875.png,Help fax my
images\sample_0876.png,Source software accelerates
images\sample_0877.png,Data preparation prevents overfitting
images\sample_0878.png,Research digit compute
images\sample_0879.png,Project attention power
images\sample_0880.png,Published and shared
images\sample_0881.png,Mathematical Equation Notation Parser
images\sample_0882.png,Matrix and Feature
images\sample_0883.png,Catches regressions before
images\sample_0884.png,Character and Symbol
images\sample_0885.png,Digit and Letter
images\sample_0886.png,Optical character recognition transforms paper into searchable text
images\sample_0887.png,Align and Platform
images\sample_0888.png,And shared across global
images\sample_0889.png,Measured: 8498 ms
images\sample_0890.png,Attention research design
images\sample_0891.png,Test sets gives honest metrics
images\sample_0892.png,Open source
images\sample_0893.png,Value: 556 items
images\sample_0894.png,Total: 3780 items
images\sample_0895.png,Complex handwriting styles
images\sample_0896.png,To low power
images\sample_0897.png,metric gradient pooling network score
images\sample_0898.png,System Activation Weight Vector Method
images\sample_0899.png,Research and Research
images\sample_0900.png,Predict Temporal Word Vector Report
images\sample_0901.png,Word manuscript feature speed epoch
images\sample_0902.png,decode report record platform
images\sample_0903.png,Document and System
images\sample_0904.png,Continuous integration catches regressions before release
images\sample_0905.png,Input and Image
images\sample_0906.png,The quick brown fox jumps over the lazy dog
images\sample_0907.png,PyTorch Deep Learning Framework
images\sample_0908.png,Dataset and Label
images\sample_0909.png,Accuracy system label memory
images\sample_0910.png,Model and Text
images\sample_0911.png,Dataset Paper Analysis
images\sample_0912.png,Spatial matrix manuscript
images\sample_0913.png,Padding and Predict
images\sample_0914.png,Tracking code: 1Z-999-999-02-1234-5678
images\sample_0915.png,Decode System Tensor Attention Latency
images\sample_0916.png,Activation and Speed
images\sample_0917.png,Have standardized
images\sample_0918.png,project record archive error
images\sample_0919.png,Dataset linear
images\sample_0920.png,CONVOLUTIONAL NEURAL NETWORK ARCHITECTURE
images\sample_0921.png,Image and Training
images\sample_0922.png,Requires robust
images\sample_0923.png,Text science metric
images\sample_0924.png,Loss Document
images\sample_0925.png,Input and Epoch
images\sample_0926.png,Research and Token
images\sample_0927.png,Software accelerates scientific discovery
images\sample_0928.png,Rate scheduling ensures stable
images\sample_0929.png,Target and Memory
images\sample_0930.png,Low Latency Edge Device Deployment
images\sample_0931.png,Bidirectional recurrent units capture
images\sample_0932.png,Label Research Symbol Latency Loss
images\sample_0933.png,system spatial engine sample library
images\sample_0934.png,Rate metric memory stride power
images\sample_0935.png,High resolution
images\sample_0936.png,Model and Output
images\sample_0937.png,Filtering removes noise while
images\sample_0938.png,Total: 514 units
images\sample_0939.png,record padding
images\sample_0940.png,Science and Vocab
images\sample_0941.png,Multimodal models understand both visual and textual information
images\sample_0942.png,Optical Character Recognition Engine
images\sample_0943.png,network symbol encode character
images\sample_0944.png,Key image
images\sample_0945.png,Bidirectional recurrent units capture past and future context
images\sample_0946.png,Score Attention Compute Hardware
images\sample_0947.png,Design and Library
images\sample_0948.png,Study and Batch
images\sample_0949.png,Allows real time
images\sample_0950.png,Platform accuracy word
images\sample_0951.png,Design and Loss
images\sample_0952.png,Proper learning rate scheduling ensures stable convergence
images\sample_0953.png,Measured: 3806 pixels
images\sample_0954.png,Resolution scanning preserves subtle
images\sample_0955.png,Accelerates scientific discovery
images\sample_0956.png,dataset gradient
images\sample_0957.png,Low power chips
images\sample_0958.png,Padding Project Encode Linear Network
images\sample_0959.png,Based decision
images\sample_0960.png,Measured: 9774 samples
images\sample_0961.png,Natural Language Processing Word Embeddings
images\sample_0962.png,While keeping edges
images\sample_0963.png,decode vocab speed
images\sample_0964.png,Regularization techniques prevent models from
images\sample_0965.png,How vexingly quick daft
images\sample_0966.png,Prevents overfitting during
images\sample_0967.png,system kernel analysis
images\sample_0968.png,Vocab target archive scale
images\sample_0969.png,Symbol and Align
images\sample_0970.png,Stride and Feature
images\sample_0971.png,Count: 2460 units
images\sample_0972.png,paper epoch
images\sample_0973.png,Recorded: 8021 items
images\sample_0974.png,error hardware
images\sample_0975.png,Vision pipelines
images\sample_0976.png,Latency Project
images\sample_0977.png,Output: 521 %
images\sample_0978.png,Count: 3738 epochs
images\sample_0979.png,Count: 6727 ms
images\sample_0980.png,Speed Research
images\sample_0981.png,Temporal and Learning
images\sample_0982.png,Focus on key image
images\sample_0983.png,Speed and Power
images\sample_0984.png,VISION TRANSFORMER PRETRAINED DECODER
images\sample_0985.png,Total: 4835 ms
images\sample_0986.png,Count: 4065 MB
images\sample_0987.png,Empowers evidence
images\sample_0988.png,Gradient Descent Backpropagation Optimizer
images\sample_0989.png,Digit Design
images\sample_0990.png,Catches regressions before release
images\sample_0991.png,Methods validate
images\sample_0992.png,Linear tensor
images\sample_0993.png,Science temporal device system metric
images\sample_0994.png,Inference allows real time text transcription on mobile
images\sample_0995.png,My big
images\sample_0996.png,Ink traces on old paper
images\sample_0997.png,Text and Engine
images\sample_0998.png,Attention mechanisms dynamically focus on key image regions
images\sample_0999.png,Value: 1093 MB
images\sample_1000.png,OPTICAL CHARACTER RECOGNITION ENGINE
images\sample_1001.png,"Model trained on 2,500 curated text samples"
images\sample_1002.png,process sequence accuracy
images\sample_1003.png,Preprocessed images have standardized dimensions and contrast
images\sample_1004.png,Token and Target
images\sample_1005.png,Hierarchical visual features
images\sample_1006.png,Image Encode
images\sample_1007.png,hardware tensor design
images\sample_1008.png,Count: 9199 samples
images\sample_1009.png,Raw sensor signals into insights
images\sample_1010.png,Of human knowledge
images\sample_1011.png,Research and Research
images\sample_1012.png,Artificial intelligence continues to evolve rapidly
images\sample_1013.png,Vision pipelines process millions
images\sample_1014.png,Vector and Matrix
images\sample_1015.png,design learning network engine device
images\sample_1016.png,Loss learning stride
images\sample_1017.png,Science Layer Loss Spatial Vector
images\sample_1018.png,Feature Vector Model Library Encode
images\sample_1019.png,Evaluation protocols
images\sample_1020.png,Rate scheduling ensures stable convergence
images\sample_1021.png,speed vocab learning symbol
images\sample_1022.png,Driven jocks help fax my big quiz
images\sample_1023.png,Pack my box with
images\sample_1024.png,Token Engine Channel Number
images\sample_1025.png,Modern computer vision pipelines process millions of images
images\sample_1026.png,Pooling Vocab
images\sample_1027.png,Feature score scale
images\sample_1028.png,Rate study power loss archive
images\sample_1029.png,Document Tensor Epoch Padding
images\sample_1030.png,Focus on key image regions
images\sample_1031.png,gradient activation epoch label manuscript
images\sample_1032.png,Layer align
images\sample_1033.png,Hierarchical visual
images\sample_1034.png,Output: 946 samples
images\sample_1035.png,Measured: 4266 items
images\sample_1036.png,Pooling and Padding
images\sample_1037.png,Power score analysis study
images\sample_1038.png,Hardware engine spatial
images\sample_1039.png,Paper attention process feature
images\sample_1040.png,Stride Sample Epoch Feature Archive
images\sample_1041.png,Value: 6542 %
images\sample_1042.png,model attention process
images\sample_1043.png,Recorded: 8545 units
images\sample_1044.png,Sample number error document
images\sample_1045.png,With five dozen
images\sample_1046.png,Study and Attention
images\sample_1047.png,Value: 5698 %
images\sample_1048.png,Symbol padding number device
images\sample_1049.png,Engine device layer target padding
images\sample_1050.png,Five dozen liquor
images\sample_1051.png,Feature and Manuscript
images\sample_1052.png,Intuitive responsive
images\sample_1053.png,dataset score output
images\sample_1054.png,Evaluation protocols guarantee reproducible
images\sample_1055.png,Output: 2273 %
images\sample_1056.png,Count: 6679 epochs
images\sample_1057.png,Padding Research Project Align Report
images\sample_1058.png,Validate experimental findings rigorously
images\sample_1059.png,Are published
images\sample_1060.png,Protocols guarantee reproducible science
images\sample_1061.png,Safeguards centuries of human knowledge
images\sample_1062.png,Align and Library
images\sample_1063.png,Error Vector Loss
images\sample_1064.png,Methods validate
images\sample_1065.png,Report Device
images\sample_1066.png,tensor result training label
images\sample_1067.png,Continues to evolve
images\sample_1068.png,BIDIRECTIONAL LONG SHORT TERM MEMORY
images\sample_1069.png,Channel and Speed
images\sample_1070.png,Linear and Decode
images\sample_1071.png,Recorded: 5643 epochs
images\sample_1072.png,method compute stride
images\sample_1073.png,Vision pipelines process
images\sample_1074.png,Measured: 6535 pixels
images\sample_1075.png,Parameters: 5.27 million (INT8 quantized: 2.6 MB)
images\sample_1076.png,How vexingly
images\sample_1077.png,Label system kernel filter
images\sample_1078.png,simclr contrastive representation learning
images\sample_1079.png,Layer and Latency
images\sample_1080.png,Computer Vision and Pattern Recognition
images\sample_1081.png,Measured: 9916 ms
images\sample_1082.png,Output: 6391 samples
images\sample_1083.png,Archive and Output
images\sample_1084.png,Spatial and Label
images\sample_1085.png,Sample and Linear
images\sample_1086.png,archive word symbol
images\sample_1087.png,optical character recognition engine
images\sample_1088.png,device tensor spatial science scale
images\sample_1089.png,Of black quartz judge
images\sample_1090.png,User interfaces should be intuitive responsive and accessible
images\sample_1091.png,Device and Token
images\sample_1092.png,Manuscript platform label
images\sample_1093.png,Total: 5217 epochs
images\sample_1094.png,Power and Label
images\sample_1095.png,Loss hardware pooling letter linear
images\sample_1096.png,Project label system paper vocab
images\sample_1097.png,Memory Layer Design
images\sample_1098.png,Layer and Analysis
images\sample_1099.png,Power batch metric
images\sample_1100.png,How vexingly quick daft zebras
images\sample_1101.png,Method and Network
images\sample_1102.png,Metric Gradient Research Result
images\sample_1103.png,Error linear
images\sample_1104.png,Both visual and textual
images\sample_1105.png,Brown fox jumps
images\sample_1106.png,Report research library vector
images\sample_1107.png,Catches regressions before
images\sample_1108.png,Study Network Platform Record Number
images\sample_1109.png,Document and Stride
images\sample_1110.png,Accelerates scientific discovery
images\sample_1111.png,Mathematical reasoning underpins modern computational algorithms
images\sample_1112.png,Transforms raw sensor
images\sample_1113.png,matrix encode
images\sample_1114.png,Epoch Record Analysis Study
images\sample_1115.png,Power Linear
images\sample_1116.png,Two driven jocks help fax my big quiz
images\sample_1117.png,Count: 1330 samples
images\sample_1118.png,Record memory latency archive decode
images\sample_1119.png,Dataset science weight document
images\sample_1120.png,character science predict text
images\sample_1121.png,Adaptive Histogram Equalization Filtering
images\sample_1122.png,Hardware and Number
images\sample_1123.png,Enhancement reveals faint ink traces
images\sample_1124.png,Resolution scanning preserves subtle character
images\sample_1125.png,Curved Text Line Sequence Recognition
images\sample_1126.png,Project Decode Sequence
images\sample_1127.png,Research papers are published and shared across global networks
images\sample_1128.png,Efficient Text Recognition System
images\sample_1129.png,Error power model memory
images\sample_1130.png,Count: 2711 %
images\sample_1131.png,research stride error number
images\sample_1132.png,Measured: 1688 pixels
images\sample_1133.png,Be intuitive
images\sample_1134.png,Tensor and Score
images\sample_1135.png,Speed Metric
images\sample_1136.png,Output scale vector
images\sample_1137.png,Input Filter Method Stride
images\sample_1138.png,document layer
images\sample_1139.png,Letter Predict Rate
images\sample_1140.png,Study learning system report dataset
images\sample_1141.png,report design spatial weight platform
images\sample_1142.png,Recorded: 195 ms
images\sample_1143.png,Archive Hardware Study Number Loss
images\sample_1144.png,Allows real time
images\sample_1145.png,Time text transcription on mobile
images\sample_1146.png,Library Design Decode Latency
images\sample_1147.png,Machine intelligence to low power
images\sample_1148.png,Value: 6574 MB
images\sample_1149.png,Output: 5101 samples
images\sample_1150.png,Sequence research output
images\sample_1151.png,Preprocessed images have standardized
images\sample_1152.png,pooling power output character
images\sample_1153.png,library sample research
images\sample_1154.png,Without losing accuracy
images\sample_1155.png,Ensures stable convergence
images\sample_1156.png,Measured: 7551 items
images\sample_1157.png,Stride attention word record
images\sample_1158.png,Tensor and Metric
images\sample_1159.png,Recorded: 27 epochs
images\sample_1160.png,Attention and Align
images\sample_1161.png,And shared across
images\sample_1162.png,Device Word
images\sample_1163.png,Archive layer character token record
images\sample_1164.png,Vocab Score Metric Record Feature
images\sample_1165.png,Record Device Dataset Weight
images\sample_1166.png,document epoch
images\sample_1167.png,Result dataset attention
images\sample_1168.png,Linear Power Decode Learning
images\sample_1169.png,Engine Error
images\sample_1170.png,Archive Matrix Gradient
images\sample_1171.png,Linear Label Sample Image
images\sample_1172.png,Error padding
images\sample_1173.png,Spatial metric loss
images\sample_1174.png,Dataset speed
images\sample_1175.png,Token feature weight compute
images\sample_1176.png,Engine and Dataset
images\sample_1177.png,Feature filter
images\sample_1178.png,Count: 6582 MB
images\sample_1179.png,Page 45 of 320 in technical report
images\sample_1180.png,Latency temporal spatial engine document
images\sample_1181.png,Predict and Matrix
images\sample_1182.png,INFORMATION SCIENCE AND ENGINEERING
images\sample_1183.png,Study Padding
images\sample_1184.png,To evolve
images\sample_1185.png,Engineers design reliable and
images\sample_1186.png,Centuries of human
images\sample_1187.png,adaptive histogram equalization filtering
images\sample_1188.png,Empowers evidence based decision
images\sample_1189.png,Archive and Sample
images\sample_1190.png,Attention mechanisms dynamically focus on key image
images\sample_1191.png,Training and Paper
images\sample_1192.png,Binarization and Deskewing Enhancement
images\sample_1193.png,Kernel Method Symbol Library
images\sample_1194.png,Symbol and Dataset
images\sample_1195.png,Rate Platform Output Report Feature
images\sample_1196.png,convolutional neural network architecture
images\sample_1197.png,Extract hierarchical visual features
images\sample_1198.png,Capture past and future context
images\sample_1199.png,Science and Report
